,City,Lat,Lng,Max Temp,Humidity,Cloudiness,Wind Speed,Country,Current Description,Date
0,Longyearbyen,78.2186,15.6401,40.84,81,75,3.44,SJ,broken clouds,1626836392
1,Kyabé,9.4515,18.9449,71.38,93,100,3.94,TD,light rain,1626836633
2,Yabēlo,4.8833,38.0833,56.7,79,100,10.69,ET,light rain,1626836633
3,Rikitea,-23.1203,-134.9692,71.85,60,72,22.57,PF,broken clouds,1626836634
4,East London,-33.0153,27.9116,54.79,68,99,20.15,ZA,overcast clouds,1626836383
5,Kruisfontein,-34.0033,24.7314,45.88,71,77,12.64,ZA,broken clouds,1626836634
6,Penzance,50.1186,-5.5371,70.81,87,3,4.54,GB,clear sky,1626836634
7,Hithadhoo,-0.6,73.0833,81.73,77,100,12.33,MV,heavy intensity rain,1626836635
8,Boa Vista,2.8197,-60.6733,76.98,88,75,3.44,BR,broken clouds,1626836635
9,Caravelas,-17.7125,-39.2481,71.29,66,100,10.6,BR,overcast clouds,1626836635
10,Haines Junction,60.7522,-137.5108,73.78,37,24,7.09,CA,few clouds,1626836636
11,Grand Gaube,-20.0064,57.6608,71.38,65,2,8.01,MU,clear sky,1626836636
12,Avarua,-21.2078,-159.775,78.85,83,75,13.8,CK,light rain,1626836637
13,Predivinsk,57.0669,93.4378,73.83,50,31,2.68,RU,scattered clouds,1626836637
14,Ambon City,-3.6954,128.1814,75.34,100,40,2.3,ID,heavy intensity rain,1626836637
15,Saskylakh,71.9167,114.0833,57.07,73,100,12.91,RU,overcast clouds,1626836638
16,Vestmannaeyjar,63.4427,-20.2734,52.54,96,100,8.95,IS,overcast clouds,1626836591
17,Fenyi,27.8112,114.6681,87.37,70,100,4.52,CN,overcast clouds,1626836638
18,Torbay,47.6666,-52.7314,67.75,97,90,13.8,CA,light rain,1626836638
19,Hermanus,-34.4187,19.2345,50.81,74,60,20.31,ZA,light rain,1626836390
20,Yangi Marg`ilon,40.4272,71.7189,72.32,64,100,4.61,UZ,overcast clouds,1626836639
21,Vila Velha,-20.3297,-40.2925,53.94,72,22,8.72,BR,few clouds,1626836427
22,Nikolskoye,59.7035,30.7861,58.78,95,32,3.6,RU,scattered clouds,1626836639
23,Greytown,-29.0642,30.5928,41.32,27,71,3.31,ZA,broken clouds,1626836639
24,Ilulissat,69.2167,-51.1,44.62,65,83,6.91,GL,broken clouds,1626836640
25,Albany,42.6001,-73.9662,70.36,89,61,3.49,US,moderate rain,1626836406
26,Puerto Ayora,-0.7393,-90.3518,72.55,93,100,5.99,EC,overcast clouds,1626836640
27,Bambous Virieux,-20.3428,57.7575,71.22,60,40,14.97,MU,light rain,1626836398
28,Gizo Government Station,-8.103,156.8419,81.18,80,92,10.27,SB,moderate rain,1626836641
29,Leticia,-4.2153,-69.9406,71.2,81,25,1.39,CO,scattered clouds,1626836641
30,College,64.8569,-147.8028,85.59,28,40,16.11,US,smoke,1626836642
31,Mossamedes,-15.1961,12.1522,63.3,89,0,1.57,AO,clear sky,1626836642
32,New Norfolk,-42.7826,147.0587,56.71,81,98,3.94,AU,overcast clouds,1626836642
33,Kampot,10.6167,104.1833,80.65,77,80,10.47,KH,light rain,1626836643
34,Lüderitz,-26.6481,15.1594,49.82,63,0,19.57,NA,clear sky,1626836644
35,Mar del Plata,-38.0023,-57.5575,49.12,57,0,3.0,AR,clear sky,1626836126
36,Barrow,71.2906,-156.7887,36.55,94,92,17.18,US,light rain,1626836401
37,Gijón,43.5357,-5.6615,66.0,88,2,1.01,ES,clear sky,1626836644
38,Srednekolymsk,67.45,153.6833,68.63,58,95,16.55,RU,overcast clouds,1626836645
39,Saint Paul Harbor,57.79,-152.4072,55.04,92,100,6.17,US,overcast clouds,1626836645
40,Egvekinot,66.3167,-179.1667,43.48,67,68,10.85,RU,broken clouds,1626836645
41,Iqaluit,63.7506,-68.5145,42.53,93,90,1.99,CA,light intensity drizzle,1626836401
42,Walvis Bay,-22.9575,14.5053,55.09,74,0,10.76,NA,clear sky,1626836646
43,Gushi,34.6425,109.5843,82.04,68,92,9.28,CN,overcast clouds,1626836646
44,Hobart,-42.8794,147.3294,57.25,61,75,3.0,AU,broken clouds,1626836383
45,Sola,-13.8833,167.55,79.43,78,25,8.55,VU,scattered clouds,1626836647
46,Laas,46.6166,10.7002,60.62,76,0,3.2,IT,clear sky,1626836647
47,Baghdad,33.3406,44.4009,97.84,16,0,15.61,IQ,clear sky,1626836411
48,Cherskiy,68.75,161.3,66.54,40,58,6.02,RU,broken clouds,1626836386
49,Tasiilaq,65.6145,-37.6368,41.16,97,87,3.33,GL,overcast clouds,1626836648
50,Piñas,-3.6667,-79.65,63.97,84,25,4.29,EC,scattered clouds,1626836648
51,Ushuaia,-54.8,-68.3,33.46,75,75,6.91,AR,broken clouds,1626836382
52,Rumonge,-3.9736,29.4386,71.44,53,6,2.13,BI,clear sky,1626836649
53,Beohāri,24.05,81.3833,80.19,81,100,11.16,IN,moderate rain,1626836649
54,Mahrīz,31.5917,54.4318,77.5,12,1,0.76,IR,clear sky,1626836649
55,Coyhaique,-45.5752,-72.0662,44.55,76,90,4.61,CL,overcast clouds,1626836649
56,Cabo San Lucas,22.8909,-109.9124,89.82,69,4,13.27,MX,clear sky,1626836494
57,Klaksvík,62.2266,-6.589,52.72,97,53,10.36,FO,broken clouds,1626836650
58,Port Alfred,-33.5906,26.891,54.01,70,100,24.29,ZA,light rain,1626836394
59,Apud,13.1393,123.2916,82.29,84,100,16.98,PH,overcast clouds,1626836650
60,Atuona,-9.8,-139.0333,77.79,75,78,25.57,PF,broken clouds,1626836651
61,Jamestown,42.097,-79.2353,69.37,98,4,5.53,US,clear sky,1626836214
62,Lanzhou,36.0564,103.7922,80.67,51,75,3.13,CN,broken clouds,1626836651
63,Punta Arenas,-53.15,-70.9167,33.91,93,40,3.44,CL,scattered clouds,1626836651
64,Rawson,-43.3002,-65.1023,49.44,58,23,7.36,AR,few clouds,1626836652
65,Praia da Vitória,38.7333,-27.0667,68.25,88,75,11.65,PT,broken clouds,1626836652
66,Den Helder,52.9599,4.7593,60.94,87,11,3.0,NL,few clouds,1626836652
67,Bud,39.447,-86.1758,73.9,86,0,3.74,US,clear sky,1626836653
68,Hasaki,35.7333,140.8333,95.29,68,64,8.66,JP,broken clouds,1626836397
69,Mataura,-46.1927,168.8643,45.48,84,100,1.86,NZ,overcast clouds,1626836384
70,Busselton,-33.65,115.3333,58.08,87,79,17.74,AU,broken clouds,1626836385
71,Chumphon,10.3333,98.8333,79.38,92,100,8.25,TH,light rain,1626836653
72,Gloucester,51.8657,-2.2431,68.13,80,0,4.81,GB,clear sky,1626836510
73,Chokurdakh,70.6333,147.9167,56.16,69,88,13.13,RU,overcast clouds,1626836654
74,Husavik,66.0449,-17.3389,58.91,84,55,3.83,IS,broken clouds,1626836654
75,Yumen,40.2833,97.2,71.69,51,99,9.62,CN,overcast clouds,1626836654
76,Susuman,62.7833,148.1667,81.86,34,97,7.27,RU,overcast clouds,1626836655
77,Sydney,-33.8679,151.2073,60.55,52,75,1.99,AU,broken clouds,1626836493
78,Asheboro,35.7079,-79.8136,73.9,97,1,0.0,US,clear sky,1626836655
79,Mindelo,16.8901,-24.9804,74.75,83,20,1.14,CV,few clouds,1626836655
80,Hilo,19.7297,-155.09,84.27,89,90,4.61,US,light rain,1626836609
81,Hong Kong,22.2855,114.1577,81.25,96,100,11.01,HK,light rain,1626836643
82,Maniitsoq,65.4167,-52.9,42.46,81,46,2.33,GL,scattered clouds,1626836657
83,Yar-Sale,66.8333,70.8333,62.22,67,92,5.84,RU,overcast clouds,1626836658
84,Nyimba,-14.5566,30.8149,58.05,64,0,2.33,ZM,clear sky,1626836658
85,Sapucaí,-25.6667,-56.9167,54.18,60,87,3.49,PY,overcast clouds,1626836658
86,North Bend,43.4065,-124.2243,62.92,80,0,8.88,US,clear sky,1626836366
87,Lebu,-37.6167,-73.65,52.03,95,100,7.29,CL,overcast clouds,1626836659
88,Codrington,-38.2667,141.9667,52.3,80,98,11.61,AU,overcast clouds,1626836659
89,Asău,46.4333,26.4,63.52,88,100,2.77,RO,overcast clouds,1626836382
90,Vaini,-21.2,-175.2,80.76,83,40,6.91,TO,scattered clouds,1626836394
91,Cidreira,-30.1811,-50.2056,49.35,74,26,7.05,BR,scattered clouds,1626836660
92,Ust-Tsilma,65.441,52.1498,59.32,59,95,4.56,RU,overcast clouds,1626836660
93,Adrar,20.5022,-10.0711,90.07,11,9,15.35,MR,clear sky,1626836538
94,Kutum,14.2,24.6667,73.89,67,100,19.77,SD,overcast clouds,1626836660
95,Provideniya,64.3833,-173.3,55.51,62,75,11.18,RU,broken clouds,1626836400
96,Qaanaaq,77.484,-69.3632,37.56,88,97,4.18,GL,overcast clouds,1626836381
97,Gandai,21.6667,81.1,77.36,86,100,10.13,IN,overcast clouds,1626836661
98,Ponta do Sol,32.6667,-17.1,71.71,78,0,3.98,PT,clear sky,1626836661
99,Tilichiki,60.4667,166.1,57.02,71,100,5.68,RU,overcast clouds,1626836662
100,Kirakira,-10.4544,161.9205,83.46,74,29,10.45,SB,scattered clouds,1626836662
101,Icó,-6.4011,-38.8622,76.68,65,48,4.07,BR,scattered clouds,1626836662
102,Kapaa,22.0752,-159.319,85.98,78,9,5.99,US,light rain,1626836399
103,Goth Phulji,26.8825,67.6807,98.11,35,3,10.87,PK,clear sky,1626836663
104,Sheboygan,43.7333,-87.9334,67.19,85,1,1.99,US,clear sky,1626836663
105,Arraial do Cabo,-22.9661,-42.0278,64.11,68,71,8.05,BR,broken clouds,1626836663
106,Vadlapūdi,14.3167,79.8,84.16,61,100,14.18,IN,light rain,1626836664
107,Gemeente Enkhuizen,52.7,5.2833,60.98,87,2,1.99,NL,clear sky,1626836663
108,Severo-Kuril'sk,50.6789,156.125,54.54,88,74,6.24,RU,broken clouds,1626836664
109,Tevriz,57.509,72.4042,69.62,62,5,4.32,RU,clear sky,1626836664
110,Butaritari,3.0707,172.7902,81.99,74,15,7.94,KI,moderate rain,1626836665
111,Castro,-24.7911,-50.0119,43.66,63,100,1.86,BR,overcast clouds,1626836665
112,Saint-Philippe,-21.3585,55.7679,69.35,76,52,14.38,RE,broken clouds,1626836410
113,Novobiryusinskiy,56.9578,97.7076,69.91,64,100,3.6,RU,overcast clouds,1626836665
114,Atherton,53.5237,-2.4935,65.16,90,0,2.68,GB,clear sky,1626836666
115,São Filipe,14.8961,-24.4956,73.99,85,32,4.56,CV,scattered clouds,1626836666
116,Narsaq,60.9167,-46.05,44.82,99,100,3.6,GL,heavy intensity rain,1626836666
117,Bredasdorp,-34.5322,20.0403,50.29,81,51,8.05,ZA,broken clouds,1626836395
118,Passo de Camaragibe,-9.2368,-35.4901,71.15,90,2,4.79,BR,clear sky,1626836461
119,Podor,16.6527,-14.9587,82.99,54,71,15.68,MR,broken clouds,1626836667
120,Rome,43.2128,-75.4557,67.12,95,20,0.0,US,few clouds,1626836461
121,Faya,18.3851,42.4509,61.32,83,100,7.7,SA,overcast clouds,1626836667
122,Nsanje,-16.92,35.262,62.37,82,0,1.57,MW,clear sky,1626836668
123,Bettiah,26.8,84.5,85.91,77,96,6.67,IN,overcast clouds,1626836668
124,Sørland,67.667,12.6934,49.95,75,100,21.12,NO,light rain,1626836668
125,Amnat Charoen,15.9167,104.75,78.33,84,100,12.62,TH,overcast clouds,1626836669
126,Faanui,-16.4833,-151.75,78.84,76,23,22.59,PF,few clouds,1626836669
127,Chara,56.9064,118.2631,73.04,49,20,3.91,RU,few clouds,1626836669
128,Pevek,69.7008,170.3133,43.21,71,87,6.85,RU,overcast clouds,1626836670
129,Torit,4.4133,32.5678,67.51,86,71,2.35,SS,broken clouds,1626836670
130,Mokhsogollokh,61.4681,128.9203,77.61,51,100,5.77,RU,overcast clouds,1626836670
131,Nishihara,26.1842,127.7558,81.68,92,90,32.21,JP,light intensity shower rain,1626836671
132,Saint-Joseph,-21.3667,55.6167,68.36,74,23,14.79,RE,few clouds,1626836671
133,Yulara,-25.2406,130.9889,70.79,28,6,12.5,AU,clear sky,1626836671
134,Taltal,-25.4,-70.4833,58.37,69,0,4.38,CL,clear sky,1626836672
135,Kabanjahe,3.1001,98.4908,72.36,64,63,5.08,ID,broken clouds,1626836672
136,Yellowknife,62.456,-114.3525,74.28,46,20,5.75,CA,few clouds,1626836387
137,Katrineholm,58.9959,16.2072,56.64,72,49,4.43,SE,scattered clouds,1626836672
138,Mabaruma,8.2,-59.7833,74.16,96,100,3.29,GY,overcast clouds,1626836673
139,Chapais,49.7834,-74.8492,52.5,63,58,5.26,CA,broken clouds,1626836673
140,Cape Town,-33.9258,18.4232,53.89,76,75,8.01,ZA,light rain,1626836251
141,Launceston,-41.45,147.1667,55.8,71,91,9.22,AU,overcast clouds,1626836642
142,Touros,-5.1989,-35.4608,72.5,85,1,13.42,BR,clear sky,1626836674
143,Haapiti,-17.5667,-149.8667,83.93,76,0,19.86,PF,clear sky,1626836674
144,Bethel,41.3712,-73.414,74.91,90,14,3.13,US,few clouds,1626836401
145,Thompson,55.7435,-97.8558,66.94,55,0,5.68,CA,clear sky,1626836674
146,Alyangula,-13.8483,136.4192,78.73,48,11,13.29,AU,few clouds,1626836675
147,Bāgeshwar,29.85,79.7667,70.5,96,98,0.76,IN,overcast clouds,1626836675
148,Wanning,18.8003,110.3967,87.15,67,100,8.03,CN,overcast clouds,1626836675
149,George Town,5.4112,100.3354,87.73,75,20,1.99,MY,few clouds,1626836153
150,San Patricio,28.017,-97.5169,84.06,75,37,6.98,US,scattered clouds,1626836676
151,Alamosa,37.4695,-105.87,73.38,40,75,4.61,US,broken clouds,1626836676
152,Taylorville,39.5489,-89.2945,74.01,100,1,0.0,US,clear sky,1626836676
153,Ancud,-41.8697,-73.8203,51.33,95,100,3.74,CL,overcast clouds,1626836387
154,Yetkul',54.8221,61.588,71.58,59,80,13.42,RU,broken clouds,1626836677
155,Aklavik,68.2191,-135.0107,85.51,25,8,7.05,CA,clear sky,1626836677
156,Beringovskiy,63.05,179.3167,45.14,85,100,8.01,RU,overcast clouds,1626836677
157,Otavi,-19.65,17.3333,52.32,37,0,3.22,NA,clear sky,1626836678
158,Pāsighāt,28.0667,95.3333,86.7,82,94,2.68,IN,overcast clouds,1626836678
159,Vrbové,48.6197,17.7226,60.06,87,32,8.05,SK,scattered clouds,1626836678
160,Airai,-8.9266,125.4092,73.17,45,29,5.82,TL,scattered clouds,1626836679
161,Timmins,48.4669,-81.3331,56.57,62,44,5.03,CA,scattered clouds,1626836465
162,Souillac,-20.5167,57.5167,71.37,72,9,16.31,MU,light rain,1626836512
163,Mpongwe,-13.5091,28.155,51.57,65,6,4.9,ZM,clear sky,1626836679
164,Okha,53.5739,142.9478,72.12,63,100,15.21,RU,overcast clouds,1626836680
165,Maţāy,28.419,30.7792,84.88,33,4,8.01,EG,clear sky,1626836680
166,Dudinka,69.4058,86.1778,60.39,47,0,4.94,RU,clear sky,1626836680
167,Tiksi,71.6872,128.8694,45.03,68,43,8.97,RU,scattered clouds,1626836681
168,Hamilton,39.1834,-84.5333,75.0,81,0,3.96,US,clear sky,1626836400
169,Virginia Beach,36.8529,-75.978,79.02,79,92,6.78,US,overcast clouds,1626836335
170,Curup,-3.4667,102.5333,79.9,55,78,3.24,ID,broken clouds,1626836681
171,Ronneby,56.21,15.276,59.5,94,90,5.75,SE,overcast clouds,1626836681
172,Panguna,-6.3164,155.4848,75.27,85,100,1.68,PG,light rain,1626836682
173,Mount Isa,-20.7333,139.5,73.17,25,15,10.36,AU,few clouds,1626836682
174,Clyde River,70.4692,-68.5914,35.83,93,90,19.57,CA,light rain,1626836390
175,Puerto Suárez,-18.95,-57.8,59.63,20,96,3.04,BO,overcast clouds,1626836683
176,Saint-Pierre,-21.3393,55.4781,69.44,74,0,6.91,RE,clear sky,1626836398
177,Manicoré,-5.8092,-61.3003,79.03,54,47,1.3,BR,scattered clouds,1626836592
178,Iskateley,67.6803,53.1512,59.72,65,100,11.9,RU,overcast clouds,1626836683
179,Kiryat Gat,31.61,34.7642,76.41,100,2,2.37,IL,clear sky,1626836684
180,Suwałki,54.1118,22.9309,54.41,96,1,7.11,PL,clear sky,1626836684
181,Ginda,30.6945,78.4932,68.31,86,88,1.86,IN,overcast clouds,1626836684
182,Kununurra,-15.7667,128.7333,85.98,14,99,11.5,AU,overcast clouds,1626836685
183,Mahébourg,-20.4081,57.7,71.26,70,31,17.38,MU,light rain,1626836513
184,Jumla,29.2747,82.1838,64.29,94,100,0.6,NP,overcast clouds,1626836685
185,Dikson,73.5069,80.5464,47.5,66,100,14.65,RU,overcast clouds,1626836685
186,Port Elizabeth,-33.918,25.5701,50.29,66,0,14.97,ZA,light rain,1626836255
187,Ulagan,50.6321,87.9563,74.66,36,11,2.28,RU,few clouds,1626836686
188,Helden,51.115,7.9519,52.09,94,0,2.06,DE,clear sky,1626836686
189,Tura,25.5198,90.2201,81.23,83,100,4.54,IN,overcast clouds,1626836395
190,Pacific Grove,36.6177,-121.9166,77.4,86,75,1.99,US,broken clouds,1626836686
191,Anna,51.4842,40.4299,69.06,66,5,7.45,RU,clear sky,1626836687
192,Gayéri,12.6497,0.4931,79.79,65,12,14.5,BF,few clouds,1626836687
193,Tucumcari,35.1717,-103.725,78.94,57,1,8.05,US,clear sky,1626836688
194,Krasnooktyabrskiy,44.9328,38.3712,79.09,68,57,2.95,RU,broken clouds,1626836688
195,Oeiras,-7.0253,-42.1311,82.4,40,75,7.23,BR,broken clouds,1626836688
196,Nome,64.5011,-165.4064,50.16,87,90,16.11,US,light rain,1626836688
197,Katsuura,35.1333,140.3,89.71,66,55,6.8,JP,broken clouds,1626836689
198,Samarai,-10.6167,150.6667,79.72,76,81,14.76,PG,broken clouds,1626836689
199,Alexandria,31.2156,29.9553,79.99,69,0,8.19,EG,clear sky,1626836594
200,Mpwapwa,-6.35,36.4833,55.92,92,2,4.12,TZ,clear sky,1626836690
201,Sítio Novo do Tocantins,-5.5183,-47.4611,79.25,55,80,2.95,BR,broken clouds,1626836521
202,Belmonte,-15.8631,-38.8828,66.7,87,100,14.79,BR,overcast clouds,1626836690
203,Chimbote,-9.0853,-78.5783,63.41,84,8,5.37,PE,clear sky,1626836690
204,San Cristobal,7.7669,-72.225,71.78,98,45,4.85,VE,scattered clouds,1626836691
205,Châlons-en-Champagne,48.9539,4.3672,60.03,93,0,5.73,FR,clear sky,1626836691
206,Salamanca,40.8333,-6.0,59.99,64,0,1.21,ES,clear sky,1626836691
207,Fes,34.0372,-4.9998,66.45,59,0,2.3,MA,clear sky,1626836692
208,Yatou,37.15,122.3833,84.27,64,91,7.61,CN,overcast clouds,1626836692
209,Kalmunai,7.4167,81.8167,83.77,60,96,7.29,LK,overcast clouds,1626836692
210,Carnarvon,-24.8667,113.6333,71.67,66,11,13.8,AU,few clouds,1626836693
211,Katete,-0.7818,29.7544,64.26,84,99,2.1,UG,overcast clouds,1626836693
212,Maragogi,-9.0122,-35.2225,74.19,82,4,8.63,BR,clear sky,1626836560
213,Kaitangata,-46.2817,169.8464,46.92,77,100,3.58,NZ,light rain,1626836693
214,Nanortalik,60.1432,-45.2371,46.72,95,100,13.06,GL,moderate rain,1626836386
215,Lucapa,-8.4192,20.7447,62.4,33,88,4.83,AO,overcast clouds,1626836694
216,San Jose,37.3394,-121.895,77.68,57,1,5.01,US,clear sky,1626836679
217,Bluff,-46.6,168.3333,45.81,79,100,4.7,NZ,light rain,1626836401
218,Ondjiva,-17.0667,15.7333,53.24,32,0,6.62,AO,clear sky,1626836695
219,Coquimbo,-29.9533,-71.3436,53.31,86,5,1.3,CL,clear sky,1626836596
220,Coffs Harbour,-30.3,153.1333,63.14,42,40,16.11,AU,scattered clouds,1626836695
221,Isangel,-19.55,169.2667,80.71,73,3,5.61,VU,clear sky,1626836696
222,Beaverlodge,55.2166,-119.4361,61.56,77,23,8.37,CA,few clouds,1626836696
223,Zarand,30.8127,56.564,76.62,12,0,2.68,IR,clear sky,1626836697
224,Talcahuano,-36.7167,-73.1167,49.68,100,100,8.05,CL,mist,1626836697
225,Solnechnyy,50.7214,136.6319,90.63,41,70,7.43,RU,broken clouds,1626836697
226,Santa Cruz de la Sierra,-17.8,-63.1667,56.66,47,99,5.75,BO,overcast clouds,1626836698
227,Les Cayes,18.2,-73.75,78.71,82,75,4.45,HT,broken clouds,1626836698
228,Hortolândia,-22.8583,-47.22,52.68,76,0,16.11,BR,clear sky,1626836698
229,Suruç,36.9761,38.425,75.4,71,0,9.82,TR,clear sky,1626836698
230,Upernavik,72.7868,-56.1549,42.03,85,100,8.41,GL,overcast clouds,1626836699
231,Chernoistochinsk,57.7364,59.8719,66.0,93,100,6.82,RU,overcast clouds,1626836699
232,Ribeira Grande,38.5167,-28.7,68.41,80,58,16.46,PT,broken clouds,1626836700
233,Jericó,5.7921,-75.786,58.78,83,16,1.7,CO,few clouds,1626836700
234,Vangaindrano,-23.35,47.6,67.6,91,96,5.55,MG,light rain,1626836588
235,San Ciro de Acosta,21.6333,-99.8167,70.03,91,85,1.72,MX,overcast clouds,1626836701
236,Nioro,13.35,-15.75,79.41,85,91,6.22,GM,overcast clouds,1626836701
237,Viedma,-40.8135,-62.9967,47.52,62,1,3.24,AR,clear sky,1626836701
238,Praia,14.9215,-23.5087,75.74,83,0,1.14,CV,clear sky,1626836702
239,Willowmore,-33.2926,23.4895,36.05,86,38,6.22,ZA,scattered clouds,1626836702
240,São João da Barra,-21.6403,-41.0511,60.48,73,98,7.0,BR,overcast clouds,1626836702
241,Avera,33.194,-82.5271,74.71,95,100,6.51,US,overcast clouds,1626836703
242,Sobradinho,-12.8333,-39.1,66.9,97,58,5.73,BR,broken clouds,1626836704
243,Pemba,-12.974,40.5178,71.71,88,37,12.17,MZ,scattered clouds,1626836704
244,Kenai,60.5544,-151.2583,60.03,94,90,5.75,US,light rain,1626836550
245,Chui,-33.6971,-53.4616,43.84,83,1,8.59,UY,clear sky,1626836704
246,Shīeli,44.1667,66.75,83.3,29,0,8.77,KZ,clear sky,1626836705
247,Tsimmerbude,54.675,20.1347,57.25,81,53,11.3,RU,broken clouds,1626836705
248,Luanda,-8.8368,13.2343,66.61,91,9,6.58,AO,clear sky,1626836513
249,Lázaro Cárdenas,17.9583,-102.2,80.74,83,100,3.11,MX,overcast clouds,1626836706
250,Al Bardīyah,31.7561,25.0865,77.29,76,0,7.52,LY,clear sky,1626836706
251,Karratha,-20.7377,116.8463,79.93,48,9,8.37,AU,clear sky,1626836707
252,Province of Groningen,53.25,6.75,58.03,71,75,3.44,NL,broken clouds,1626836518
253,Nevers,46.9896,3.159,60.55,91,17,4.59,FR,few clouds,1626836708
254,Aldan,58.6031,125.3894,60.91,97,100,7.49,RU,light rain,1626836708
255,Lompoc,34.6391,-120.4579,72.1,84,75,11.5,US,broken clouds,1626836489
256,Turaif,31.6725,38.6637,78.91,20,0,9.8,SA,clear sky,1626836708
257,Morales,2.757,-76.6172,59.63,81,10,3.94,CO,clear sky,1626836709
258,Willmar,45.1219,-95.0433,80.55,63,1,9.22,US,haze,1626836709
259,Cabatuan,10.8794,122.486,85.68,68,100,14.27,PH,overcast clouds,1626836710
260,Manggar,-2.8833,108.2667,83.26,77,85,10.11,ID,overcast clouds,1626836710
261,North Adams,42.7009,-73.1087,70.68,91,90,0.0,US,overcast clouds,1626836710
262,Marzuq,14.4,46.4667,74.26,74,25,7.45,YE,scattered clouds,1626836711
263,Olginskoye,43.157,44.6891,65.59,88,0,6.71,RU,clear sky,1626836711
264,Dassel,51.8032,9.6884,59.59,85,73,1.88,DE,broken clouds,1626836711
265,Nantucket,41.2835,-70.0995,75.0,95,90,4.61,US,fog,1626836712
266,Magugu,-4.0167,35.7667,57.43,83,1,2.44,TZ,clear sky,1626836712
267,Jinji,23.2281,110.8261,79.03,87,100,14.67,CN,light rain,1626836712
268,Udachny,66.4167,112.4,72.99,46,95,14.18,RU,overcast clouds,1626836713
269,Kīhei,20.785,-156.4656,84.22,63,40,25.32,US,scattered clouds,1626836713
270,Le Vauclin,14.5452,-60.8388,80.65,78,20,12.66,MQ,few clouds,1626836713
271,Nizhneangarsk,55.7833,109.55,61.93,69,99,1.74,RU,overcast clouds,1626836714
272,Diamantino,-14.4086,-56.4461,64.62,27,2,3.56,BR,clear sky,1626836714
273,Lenger,42.183,69.8839,80.04,23,39,8.59,KZ,scattered clouds,1626836714
274,Kidal,18.4411,1.4078,89.76,33,71,12.59,ML,broken clouds,1626836714
275,Assaí,-23.3733,-50.8414,47.84,63,100,4.81,BR,overcast clouds,1626836421
276,Along,28.1667,94.7667,85.66,75,100,0.56,IN,moderate rain,1626836715
277,Itarema,-2.9248,-39.9167,77.54,81,47,12.57,BR,scattered clouds,1626836715
278,Tazovsky,67.4667,78.7,61.9,57,81,13.85,RU,broken clouds,1626836716
279,São Félix do Xingu,-6.6447,-51.995,72.59,51,1,1.07,BR,clear sky,1626836716
280,Bathsheba,13.2167,-59.5167,79.59,80,88,17.81,BB,overcast clouds,1626836467
281,Flinders,-34.5833,150.8552,59.18,45,99,7.0,AU,overcast clouds,1626836716
282,Vrangel',42.7297,133.0839,77.58,84,84,5.7,RU,broken clouds,1626836717
283,Macamic,48.7502,-78.9996,51.03,71,3,6.98,CA,clear sky,1626836717
284,Bahir Dar,11.5936,37.3908,59.9,97,100,7.72,ET,heavy intensity rain,1626836717
285,Ambilobe,-13.2,49.05,67.64,77,2,5.03,MG,clear sky,1626836718
286,Muhos,64.808,25.9931,51.58,69,15,2.59,FI,few clouds,1626836718
287,Frontera,26.9333,-101.45,84.33,57,14,4.03,MX,few clouds,1626836718
288,Kabalo,-6.05,26.9167,70.92,41,31,3.8,CD,scattered clouds,1626836719
289,Finote Selam,10.7,37.2667,57.83,99,100,1.77,ET,moderate rain,1626836719
290,Constitución,-35.3333,-72.4167,55.04,79,100,5.01,CL,overcast clouds,1626836719
291,Staryy Nadym,65.6118,72.6842,64.04,80,100,11.54,RU,light rain,1626836719
292,Ivolginsk,51.7492,107.2837,62.26,94,90,8.95,RU,light intensity shower rain,1626836720
293,Bairiki Village,1.3292,172.9752,86.0,70,40,5.75,KI,scattered clouds,1626836720
294,Kemijärvi,66.7131,27.4306,43.66,74,37,8.01,FI,scattered clouds,1626836721
295,Bengkulu,-3.8004,102.2655,82.71,67,77,2.44,ID,broken clouds,1626836407
296,Anori,-3.7728,-61.6442,75.76,78,58,2.37,BR,broken clouds,1626836721
297,Aripuanã,-9.1667,-60.6333,72.5,53,0,2.98,BR,clear sky,1626836603
298,Byron Bay,-28.65,153.6167,62.87,44,6,14.2,AU,clear sky,1626836400
299,Bridlington,54.0831,-0.1919,62.29,89,1,6.49,GB,clear sky,1626836722
300,La Ronge,55.1001,-105.2842,64.85,55,73,6.15,CA,broken clouds,1626836722
301,Sulangan,11.1373,123.7228,85.28,70,100,16.2,PH,overcast clouds,1626836722
302,Big Spring,32.2504,-101.4787,78.28,56,1,1.99,US,clear sky,1626836549
303,Vozdvizhenka,43.9,131.95,83.95,48,78,9.4,RU,broken clouds,1626836723
304,Farnes,61.3167,7.8,45.03,94,11,1.21,NO,few clouds,1626836723
305,Aswān,24.0934,32.907,90.28,18,88,8.63,EG,overcast clouds,1626836723
306,Hofn,64.2539,-15.2082,57.18,66,2,5.95,IS,clear sky,1626836591
307,Moose Factory,51.2585,-80.6094,49.48,69,9,2.68,CA,clear sky,1626836724
308,Churapcha,62.0025,132.4325,74.77,63,100,10.07,RU,light rain,1626836724
309,Rockhampton,-23.3833,150.5,69.69,32,1,14.97,AU,clear sky,1626836725
310,Hirara,24.8,125.2833,80.46,100,75,34.52,JP,heavy intensity shower rain,1626836725
311,Alekseyevsk,57.8406,108.3492,80.78,36,57,4.12,RU,broken clouds,1626836725
312,Cabadiangan,9.7531,122.4739,84.7,75,100,17.49,PH,overcast clouds,1626836726
313,Hambantota,6.1241,81.1185,84.54,74,20,13.8,LK,few clouds,1626836726
314,Wajima,37.4,136.9,83.57,72,4,10.49,JP,clear sky,1626836726
315,Singaraja,-8.112,115.0882,84.16,62,74,2.3,ID,broken clouds,1626836727
316,Qasigiannguit,68.8193,-51.1922,44.85,80,98,2.35,GL,overcast clouds,1626836727
317,Shimoda,34.6667,138.95,88.11,67,9,8.16,JP,clear sky,1626836727
318,Toritama,-8.0067,-36.0567,64.38,97,3,4.76,BR,clear sky,1626836728
319,Lagoa,39.05,-27.9833,67.46,79,5,19.95,PT,clear sky,1626836728
320,Jacareacanga,-6.2222,-57.7528,77.0,49,31,1.95,BR,scattered clouds,1626836728
321,Turukhansk,65.8167,87.9833,63.46,53,9,2.91,RU,clear sky,1626836729
322,Sungai Raya,0.7,108.9,86.16,68,96,9.46,ID,overcast clouds,1626836729
323,Yazoo City,32.8551,-90.4056,77.7,95,93,4.36,US,overcast clouds,1626836729
324,Majene,-3.5403,118.9707,78.89,84,100,8.75,ID,overcast clouds,1626836730
325,Botou,38.0667,116.5667,74.37,92,100,6.15,CN,moderate rain,1626836700
326,Basco,20.4487,121.9702,82.65,78,55,17.43,PH,broken clouds,1626836730
327,Rengo,-34.4167,-70.8667,45.43,43,68,3.15,CL,broken clouds,1626836730
328,Fougamou,-1.2154,10.5838,69.22,91,20,1.36,GA,few clouds,1626836731
329,Tulsīpur,28.131,82.2973,81.05,79,99,3.6,NP,overcast clouds,1626836731
330,Dezful,32.3811,48.4058,98.2,42,0,4.65,IR,clear sky,1626836731
331,Deputatsky,69.3,139.9,58.93,56,80,10.76,RU,broken clouds,1626836732
332,Puerto Escondido,15.85,-97.0667,80.29,81,100,4.41,MX,overcast clouds,1626836732
333,Prince Rupert,54.3161,-130.3201,60.89,77,75,5.75,CA,light rain,1626836732
334,Oussouye,12.485,-16.5469,80.04,83,97,6.22,SN,overcast clouds,1626836733
335,Ostrovnoy,68.0531,39.5131,45.97,77,94,15.35,RU,overcast clouds,1626836733
336,Lensk,60.7253,114.9278,75.25,46,92,4.7,RU,overcast clouds,1626836733
337,Berlevåg,70.8578,29.0864,44.6,93,100,23.47,NO,light rain,1626836734
338,Hermagor,46.6272,13.3672,60.42,94,0,3.78,AT,clear sky,1626836734
339,Luena,-11.7833,19.9167,50.34,48,87,4.12,AO,overcast clouds,1626836734
340,Kortkeros,61.8106,51.5806,55.4,50,6,4.12,RU,clear sky,1626836735
341,Djibouti,11.5,42.5,85.42,71,99,21.94,DJ,light rain,1626836735
342,Port Hardy,50.6996,-127.4199,58.48,82,55,8.55,CA,light rain,1626836735
343,Khani,41.9563,42.9566,71.17,64,58,1.52,GE,broken clouds,1626836736
344,Calabozo,8.9242,-67.4293,73.89,94,94,5.73,VE,overcast clouds,1626836736
345,Buin,-33.7333,-70.75,64.74,21,45,3.8,CL,scattered clouds,1626836736
346,Necochea,-38.5473,-58.7368,47.32,85,1,4.59,AR,clear sky,1626836737
347,Punta Alta,-38.8759,-62.0736,50.47,59,57,7.99,AR,broken clouds,1626836737
348,Peddāpuram,17.0833,82.1333,80.69,88,100,12.28,IN,light rain,1626836737
349,Shingū,33.7333,135.9833,82.9,68,90,9.04,JP,overcast clouds,1626836737
350,Nur-Sultan,51.1801,71.446,67.95,64,0,11.18,KZ,clear sky,1626836738
351,Phan Thiet,10.9333,108.1,87.93,60,90,15.46,VN,overcast clouds,1626836574
352,Komatipoort,-25.4332,31.9548,52.05,43,0,4.16,ZA,clear sky,1626836738
353,Pidhaytsi,49.2685,25.1334,61.03,97,100,10.47,UA,overcast clouds,1626836739
354,Abomey,7.1829,1.9912,70.84,90,74,6.96,BJ,broken clouds,1626836739
355,Buraidah,26.326,43.975,87.96,14,93,9.53,SA,overcast clouds,1626836739
356,Sitka,57.0531,-135.33,60.69,72,75,11.5,US,broken clouds,1626836739
357,Tuktoyaktuk,69.4541,-133.0374,80.6,39,1,17.27,CA,clear sky,1626836397
358,Guerrero Negro,27.9769,-114.0611,69.87,82,2,18.54,MX,clear sky,1626836740
359,Sarandi,-23.4436,-51.8739,48.25,51,100,3.8,BR,overcast clouds,1626836681
360,Belleville,44.1788,-77.3705,65.71,87,83,11.32,CA,broken clouds,1626836740
361,Slyudyanka,51.6594,103.7061,64.38,79,100,3.38,RU,light rain,1626836741
362,Kryve Ozero,47.9524,30.3493,64.78,97,53,6.73,UA,broken clouds,1626836741
363,Ixtapa,20.7,-105.2,79.18,94,99,0.49,MX,overcast clouds,1626836741
364,Inuvik,68.3499,-133.7218,81.88,33,8,10.47,CA,clear sky,1626836652
365,Santa Cruz del Sur,20.7147,-77.9956,81.43,80,52,4.52,CU,broken clouds,1626836742
366,Badarganj,25.674,89.0549,86.86,74,93,9.04,BD,overcast clouds,1626836742
367,Gambēla,8.25,34.5833,68.7,89,100,2.39,ET,overcast clouds,1626836742
368,Kamaishi,39.2667,141.8833,81.03,72,72,4.41,JP,broken clouds,1626836743
369,Batabanó,22.7164,-82.2881,82.72,78,99,5.75,CU,overcast clouds,1626836743
370,Esperance,-33.8667,121.9,58.93,86,98,17.72,AU,overcast clouds,1626836743
371,Salinas,36.6777,-121.6555,77.81,76,75,5.75,US,broken clouds,1626836744
372,Rocha,-34.4833,-54.3333,45.19,71,7,8.48,UY,clear sky,1626836468
373,De-Kastri,51.4667,140.7833,69.58,73,100,7.07,RU,overcast clouds,1626836744
374,Corinth,37.9407,22.9573,82.69,77,1,7.02,GR,clear sky,1626836744
375,Vanimo,-2.6741,141.3028,85.87,63,31,4.25,PG,scattered clouds,1626836475
376,Hobyo,5.3505,48.5268,75.97,83,12,20.18,SO,few clouds,1626836745
377,Dingle,10.9995,122.6711,86.38,67,100,16.53,PH,overcast clouds,1626836745
378,Inta,66.0317,60.1659,60.31,58,38,1.95,RU,scattered clouds,1626836745
379,Chumikan,54.7183,135.315,78.69,63,32,17.43,RU,scattered clouds,1626836746
380,Natchitoches,31.7668,-93.1335,76.59,94,75,0.0,US,broken clouds,1626836746
381,Nyagan,62.1406,65.3936,62.83,94,100,4.38,RU,overcast clouds,1626836747
382,Huanan,46.2167,130.5167,86.31,64,28,3.49,CN,scattered clouds,1626836747
383,Koumac,-20.5667,164.2833,72.79,59,1,7.76,NC,clear sky,1626836748
384,Vilhena,-12.7406,-60.1458,64.13,53,2,2.37,BR,clear sky,1626836748
385,Waddān,29.1614,16.139,75.63,61,0,5.06,LY,clear sky,1626836749
386,Misratah,32.3754,15.0925,76.82,75,0,5.35,LY,clear sky,1626836749
387,Vershino-Darasunskiy,52.35,115.5167,62.85,78,100,2.73,RU,light rain,1626836749
388,Ucluelet,48.9329,-125.5528,68.04,81,1,1.01,CA,clear sky,1626836750
389,Pingliang,35.5392,106.6861,67.6,85,100,8.03,CN,overcast clouds,1626836750
390,Sinegor'ye,62.0788,150.477,83.34,34,71,2.55,RU,broken clouds,1626836751
391,Campbellton,48.0075,-66.6727,59.47,95,57,1.21,CA,broken clouds,1626836722
392,Dongsheng,39.8161,109.9776,75.07,50,29,15.21,CN,scattered clouds,1626836751
393,Mahon,39.8885,4.2658,72.16,94,0,3.44,ES,clear sky,1626836751
394,Japura,-0.3167,102.35,86.61,61,92,4.99,ID,overcast clouds,1626836752
395,Alice Springs,-23.7,133.8833,69.35,28,0,5.75,AU,clear sky,1626836570
396,Eirunepé,-6.6603,-69.8736,69.04,70,3,2.75,BR,clear sky,1626836752
397,Sobolivka,49.336,28.651,62.08,97,100,9.48,UA,overcast clouds,1626836753
398,Ambunti,-4.2365,142.8448,91.29,54,45,2.21,PG,scattered clouds,1626836753
399,Atar,20.5169,-13.0499,90.34,13,4,9.89,MR,clear sky,1626836753
400,Tiarei,-17.5333,-149.3333,84.22,80,10,22.7,PF,clear sky,1626836754
401,Vila Franca do Campo,37.7167,-25.4333,68.41,90,13,10.78,PT,few clouds,1626836754
402,Padang,-0.9492,100.3543,86.05,68,99,2.15,ID,overcast clouds,1626836754
403,Landeck,47.1301,10.5636,54.37,90,0,3.04,AT,clear sky,1626836755
404,Malanje,-9.5402,16.341,60.19,57,0,3.49,AO,clear sky,1626836755
405,Kaolack,14.1825,-16.2533,82.08,74,100,8.99,SN,overcast clouds,1626836755
406,Norman Wells,65.282,-126.8329,80.49,38,59,9.75,CA,broken clouds,1626836756
407,Sieradz,51.5958,18.7302,56.71,89,40,7.45,PL,scattered clouds,1626836756
408,Bad Ems,50.3333,7.7167,61.11,94,0,2.15,DE,clear sky,1626836756
409,Sabang,5.8933,95.3214,82.81,77,100,25.66,ID,light rain,1626836757
410,Havre-St-Pierre,50.2334,-63.5986,56.53,88,87,5.3,CA,overcast clouds,1626836757
411,Palmer,42.1584,-72.3287,74.01,83,75,0.0,US,smoke,1626836757
412,Minbu,20.1833,94.8833,83.66,73,98,14.29,MM,overcast clouds,1626836758
413,Mezen',65.8522,44.24,51.62,89,53,6.44,RU,broken clouds,1626836758
414,Fukuechō,32.6881,128.8419,80.82,71,100,11.07,JP,overcast clouds,1626836758
415,Daşoguz,41.8363,59.9666,80.71,22,5,13.58,TM,clear sky,1626836759
416,Pisco,-13.7,-76.2167,62.65,82,90,0.0,PE,overcast clouds,1626836759
417,Uglovka,58.2392,33.5108,55.08,75,34,8.01,RU,scattered clouds,1626836759
418,Port Blair,11.6667,92.75,83.39,82,100,22.01,IN,light rain,1626836525
419,Oktyabr'skiy,54.4815,53.471,68.63,89,89,5.95,RU,overcast clouds,1626836760
420,Keetmanshoop,-26.5833,18.1333,35.94,78,0,5.77,NA,clear sky,1626836760
421,Cartagena del Chairá,1.3349,-74.8429,69.91,99,62,2.53,CO,broken clouds,1626836760
422,Fuerte Olimpo,-21.0415,-57.8738,54.43,27,95,4.7,PY,overcast clouds,1626836761
423,Moba,33.2288,105.0179,70.72,74,72,3.74,CN,broken clouds,1626836761
424,Montepuez,-13.1256,38.9997,61.68,94,2,3.89,MZ,clear sky,1626836761
425,Āgaro,7.85,36.65,59.74,98,100,2.1,ET,light rain,1626836762
426,Fort Nelson,58.8053,-122.7002,65.79,63,75,12.66,CA,light intensity shower rain,1626836762
427,Crotone,39.0851,17.1178,66.92,66,0,6.91,IT,clear sky,1626836762
428,Meadow Lake,34.8014,-106.5436,77.49,54,100,9.22,US,overcast clouds,1626836763
429,Petropavlovsk-Kamchatskiy,53.0452,158.6483,72.19,60,20,8.95,RU,few clouds,1626836763
430,Mil'kovo,54.7167,158.6167,75.83,54,70,4.05,RU,broken clouds,1626836764
431,Xining,36.6167,101.7667,75.24,44,96,4.63,CN,overcast clouds,1626836764
432,Tambun,-6.2641,107.0712,87.69,62,63,2.98,ID,broken clouds,1626836765
433,Mount Gambier,-37.8333,140.7667,50.92,81,97,6.73,AU,overcast clouds,1626836765
434,Agía Triáda,38.35,22.9167,75.42,73,0,3.31,GR,clear sky,1626836765
435,Peniche,39.3558,-9.3811,64.89,86,90,17.07,PT,overcast clouds,1626836766
436,Penukonda,14.0833,77.5833,73.6,78,100,19.13,IN,overcast clouds,1626836766
437,Bahawalpur,29.4,71.6833,89.55,63,1,4.9,PK,clear sky,1626836766
438,Bilibino,68.0546,166.4372,66.38,32,88,3.0,RU,overcast clouds,1626836767
439,Tessalit,20.1986,1.0114,90.63,32,43,13.58,ML,scattered clouds,1626836767
440,Hof,50.3167,11.9167,52.05,83,0,1.99,DE,clear sky,1626836767
441,Porto Velho,-8.7619,-63.9039,71.65,78,0,0.0,BR,clear sky,1626836768
442,Makiyivka,48.0478,37.9258,77.0,61,43,4.63,UA,scattered clouds,1626836768
443,Arlit,18.7369,7.3853,87.42,43,32,11.01,NE,scattered clouds,1626836768
444,NEDJO,9.5046,35.5019,56.25,99,100,1.77,ET,light rain,1626836769
445,Inhambane,-23.865,35.3833,66.13,89,0,7.16,MZ,clear sky,1626836769
446,Kansk,56.2017,95.7175,68.88,66,56,3.85,RU,broken clouds,1626836769
447,Te Anau,-45.4167,167.7167,46.9,90,100,2.57,NZ,light rain,1626836711
448,Laguna,38.421,-121.4238,91.45,40,1,5.01,US,clear sky,1626836695
449,Wilmington,34.2257,-77.9447,77.86,89,100,3.74,US,overcast clouds,1626836122
450,Nemuro,43.3236,145.575,62.2,91,91,6.44,JP,overcast clouds,1626836770
451,Fare,-16.7,-151.0167,78.75,76,4,22.39,PF,clear sky,1626836770
452,Hearst,49.6835,-83.6665,53.17,64,29,3.58,CA,scattered clouds,1626836771
453,Champerico,14.3,-91.9167,82.35,76,34,3.22,GT,scattered clouds,1626836771
454,Ahipara,-35.1667,173.1667,59.11,84,100,16.84,NZ,overcast clouds,1626836771
455,Ayagoz,47.9714,80.4392,74.52,48,71,15.68,KZ,broken clouds,1626836772
456,Calhoun,42.2506,-85.0005,71.69,63,90,4.61,US,overcast clouds,1626836772
457,Dzilam González,21.2833,-88.9333,76.87,91,45,5.95,MX,scattered clouds,1626836772
458,Synya,65.3718,58.0387,58.71,59,80,1.66,RU,broken clouds,1626836772
459,Kitaibaraki,36.7833,140.75,92.34,67,37,7.61,JP,scattered clouds,1626836773
460,Savé,8.0425,2.486,71.55,91,98,4.59,BJ,overcast clouds,1626836773
461,Henties Bay,-22.116,14.2845,54.86,90,1,5.41,NA,clear sky,1626836774
462,Broome,42.2506,-75.833,67.46,89,90,1.01,US,light rain,1626836774
463,Córdoba,-31.4135,-64.1811,61.23,46,0,6.22,AR,clear sky,1626836530
464,Zhangye,38.9342,100.4517,77.76,38,75,6.89,CN,broken clouds,1626836774
465,Sisimiut,66.9395,-53.6735,44.38,86,98,4.61,GL,overcast clouds,1626836775
466,Wellington,-41.2866,174.7756,57.65,79,75,3.0,NZ,broken clouds,1626836775
467,Lorengau,-2.0226,147.2712,83.97,70,70,4.29,PG,broken clouds,1626836775
468,Tak,16.5833,98.8333,70.99,93,100,3.42,TH,overcast clouds,1626836776
469,Kawalu,-7.3817,108.2082,81.14,72,50,4.0,ID,scattered clouds,1626836776
470,Pirassununga,-21.9961,-47.4258,50.7,43,99,3.56,BR,overcast clouds,1626836776
471,Calderitas,18.55,-88.25,79.95,86,0,10.02,MX,clear sky,1626836777
472,Mocuba,-16.8392,36.9856,61.41,97,1,2.55,MZ,clear sky,1626836777
473,Talnakh,69.4865,88.3972,59.97,57,0,2.77,RU,clear sky,1626836777
474,Kahului,20.8947,-156.47,84.22,63,40,25.32,US,scattered clouds,1626836778
475,Shenzhen,22.5455,114.0683,82.35,96,100,11.7,CN,light rain,1626836778
476,Russell,32.3502,-85.1999,75.51,91,90,0.0,US,overcast clouds,1626836778
477,Vitória,-20.3194,-40.3378,58.86,94,20,4.61,BR,few clouds,1626836778
478,Līsakovsk,52.5369,62.4936,73.06,53,98,7.76,KZ,overcast clouds,1626836543
479,Chicama,-7.8447,-79.1469,65.75,82,3,4.65,PE,clear sky,1626836779
480,Labuan,5.2767,115.2417,87.96,73,100,4.76,MY,overcast clouds,1626836779
481,Kachīry,53.0675,76.1036,70.09,57,0,7.56,KZ,clear sky,1626836780
482,Bowen,-20.0167,148.2333,73.45,32,29,4.43,AU,scattered clouds,1626836780
483,Agde,43.3108,3.4758,73.89,84,0,4.61,FR,clear sky,1626836780
484,Mēga,4.05,38.3,54.43,77,91,16.2,ET,overcast clouds,1626836781
485,Teya,60.3778,92.6267,66.94,56,94,7.09,RU,light rain,1626836781
486,Nur,52.6683,22.3221,56.79,90,65,6.64,PL,broken clouds,1626836781
487,Matara,5.9485,80.5353,81.84,79,100,14.5,LK,overcast clouds,1626836782
488,Nchelenge,-9.3451,28.734,58.96,57,0,5.93,ZM,clear sky,1626836782
489,Pontianak,-0.0333,109.3333,82.38,78,40,5.75,ID,moderate rain,1626836782
490,Kavieng,-2.5744,150.7967,84.76,66,97,3.62,PG,overcast clouds,1626836783
491,Carutapera,-1.195,-46.02,73.78,94,12,5.17,BR,few clouds,1626836783
492,Rāzole,16.4833,81.8333,80.89,88,100,12.26,IN,overcast clouds,1626836783
493,Nortelândia,-14.4547,-56.8028,63.57,32,2,1.32,BR,clear sky,1626836784
494,Huarmey,-10.0681,-78.1522,63.93,83,4,4.65,PE,clear sky,1626836784
495,Galesong,-5.3166,119.3661,82.42,83,99,2.62,ID,light rain,1626836784
496,Biltine,14.5333,20.9167,82.26,52,100,10.45,TD,overcast clouds,1626836785
497,Novosergiyevka,52.0934,53.6528,76.1,64,89,3.06,RU,overcast clouds,1626836785
498,Jardim,-21.4803,-56.1381,55.85,32,99,2.13,BR,overcast clouds,1626836543
499,Villa Bruzual,9.3328,-69.1208,71.98,95,97,1.92,VE,overcast clouds,1626836786
500,Chervishevo,56.9464,65.4278,70.09,63,28,9.4,RU,scattered clouds,1626836786
501,Biak,-0.9131,122.8766,79.14,79,100,5.06,ID,overcast clouds,1626836786
502,Khatanga,71.9667,102.5,58.03,80,100,13.6,RU,overcast clouds,1626836385
503,Geraldton,-28.7667,114.6,67.12,72,75,19.57,AU,broken clouds,1626836787
504,Kaduna,10.5222,7.4383,69.91,93,42,4.56,NG,scattered clouds,1626836787
505,Posse,-14.0931,-46.3694,67.59,43,1,5.3,BR,clear sky,1626836726
506,Bintulu,3.1667,113.0333,86.16,66,99,3.71,MY,overcast clouds,1626836787
507,Lesnoy,57.6198,63.0784,72.54,58,9,13.47,RU,clear sky,1626836788
508,Slatina,44.4333,24.3667,66.43,79,0,8.75,RO,clear sky,1626836788
509,Lavrentiya,65.5833,-171.0,43.38,91,100,7.36,RU,moderate rain,1626836390
510,City of San Pedro,14.35,121.0167,82.02,83,100,15.68,PH,heavy intensity rain,1626836555
511,Batagay-Alyta,67.8006,130.4114,62.1,56,100,3.94,RU,overcast clouds,1626836789
512,Trelew,-43.249,-65.3051,49.12,55,9,7.81,AR,clear sky,1626836789
513,Sibut,5.718,19.0739,69.96,97,100,2.51,CF,overcast clouds,1626836790
514,Iquique,-20.2208,-70.1431,59.04,73,6,1.16,CL,clear sky,1626836360
515,San Fernando,15.0286,120.6898,84.54,77,100,9.4,PH,heavy intensity rain,1626836790
516,Jasper,37.2001,-94.3502,73.02,82,1,3.44,US,clear sky,1626836790
517,Pelym,61.0108,61.9978,62.89,97,100,4.21,RU,light rain,1626836791
518,Batemans Bay,-35.7167,150.1833,61.11,41,6,11.5,AU,clear sky,1626836791
519,Buala,-8.145,159.5921,80.58,82,100,7.67,SB,light rain,1626836791
520,Westport,41.1415,-73.3579,79.2,91,1,3.44,US,haze,1626836792
521,Port Hedland,-20.3167,118.5667,84.25,39,29,13.8,AU,scattered clouds,1626836792
522,Krasnoyarskiy,51.965,59.8967,71.31,52,52,9.95,RU,broken clouds,1626836792
523,Tshikapa,-6.4167,20.8,68.79,36,69,2.35,CD,broken clouds,1626836793
524,Maun,-19.9833,23.4167,48.45,42,0,5.06,BW,clear sky,1626836793
525,Celestún,20.8667,-90.4,81.14,80,16,11.79,MX,few clouds,1626836793
526,Sinnamary,5.3833,-52.95,78.01,85,24,5.1,GF,few clouds,1626836793
527,Arrondissement de Bar-le-Duc,48.75,5.1667,68.18,85,0,6.35,FR,clear sky,1626836794
528,Olenino,56.2092,33.4889,53.62,79,23,4.36,RU,few clouds,1626836794
529,Hanzhong,33.0728,107.0303,81.34,78,36,2.89,CN,light rain,1626836794
530,Rosário Oeste,-14.8361,-56.4275,64.83,25,4,3.15,BR,clear sky,1626836795
531,Djambala,-2.5447,14.7533,68.56,56,9,3.76,CG,clear sky,1626836535
532,Pālampur,32.1167,76.5333,75.16,82,16,4.25,IN,few clouds,1626836795
533,Salalah,17.0151,54.0924,78.89,89,90,9.22,OM,overcast clouds,1626836795
534,Esso,55.9333,158.7,70.77,55,96,8.5,RU,overcast clouds,1626836796
535,Wuzhou,23.4833,111.3167,75.69,94,100,8.32,CN,overcast clouds,1626836796
536,Rio Grande,-32.035,-52.0986,47.28,76,0,10.02,BR,clear sky,1626836797
537,Raudeberg,61.9875,5.1352,48.2,74,14,9.46,NO,few clouds,1626836797
538,The Valley,18.217,-63.0578,82.26,83,1,19.24,AI,clear sky,1626836797
539,Taoudenni,22.6783,-3.9836,103.87,11,88,2.37,ML,overcast clouds,1626836797
540,Yicheng,31.3705,119.8703,85.84,66,82,13.13,CN,broken clouds,1626836798
541,Naze,28.3667,129.4833,77.07,90,100,33.4,JP,heavy intensity rain,1626836649
542,Vostok,46.4856,135.8833,84.42,58,90,3.06,RU,light rain,1626836798
543,Cortes,41.9395,-1.4396,75.25,71,13,6.46,ES,few clouds,1626836799
544,Otukpo,7.1913,8.1329,70.77,98,88,4.54,NG,overcast clouds,1626836799
545,Sittwe,20.15,92.9,82.76,82,78,8.99,MM,broken clouds,1626836799
546,Westlock,54.1502,-113.8688,59.38,78,62,9.44,CA,broken clouds,1626836800
547,Darien,41.752,-87.974,72.57,78,20,3.0,US,few clouds,1626836800
548,Ukiah,39.1502,-123.2078,84.04,28,1,6.91,US,clear sky,1626836800
549,Boende,-0.2167,20.8667,71.85,69,74,2.3,CD,broken clouds,1626836800
550,San Quintín,30.4833,-115.95,70.5,82,23,11.01,MX,few clouds,1626836801
551,Huasahuasi,-11.3167,-75.6167,38.19,83,96,0.56,PE,overcast clouds,1626836801
552,San Rafael,-34.6177,-68.3301,53.08,20,19,3.02,AR,few clouds,1626836801
553,Slave Lake,55.2834,-114.769,68.16,70,35,4.29,CA,scattered clouds,1626836802
554,Sanchazi,42.0817,126.6003,85.59,51,29,3.85,CN,scattered clouds,1626836802
555,Snåase,64.2457,12.3778,48.79,98,100,6.82,NO,overcast clouds,1626836802
556,Umeå,63.8284,20.2597,50.92,71,0,9.22,SE,clear sky,1626836803
557,Kemerovo,55.3333,86.0833,71.29,64,0,8.95,RU,clear sky,1626836803
558,Manjacaze,-24.7117,33.8828,59.23,78,0,5.61,MZ,clear sky,1626836803
559,Waingapu,-9.6567,120.2641,86.13,54,95,15.46,ID,overcast clouds,1626836804
560,Bubaque,11.2833,-15.8333,81.23,80,100,15.08,GW,overcast clouds,1626836804
561,Muros,42.7762,-9.0603,65.08,86,33,5.73,ES,scattered clouds,1626836804
562,Port-Cartier,50.0334,-66.8654,58.75,60,100,8.12,CA,overcast clouds,1626836805
563,Clayton,33.5335,-84.3666,74.43,96,90,4.61,US,overcast clouds,1626836805
564,Aracruz,-19.8203,-40.2733,58.21,80,15,4.16,BR,few clouds,1626836805
565,Gunjur,13.2019,-16.7339,80.67,94,40,0.0,GM,scattered clouds,1626836806
566,Damaturu,11.747,11.9608,77.61,74,66,10.98,NG,broken clouds,1626836806
567,Yeppoon,-23.1333,150.7333,69.58,36,0,14.43,AU,clear sky,1626836806
568,Saint George,37.1041,-113.5841,91.99,35,1,27.63,US,clear sky,1626836144
569,Santa Clara,22.4,-79.9667,74.17,94,75,9.22,CU,broken clouds,1626836807
570,Camargo,27.6667,-105.1667,78.89,41,32,10.63,MX,scattered clouds,1626836807
571,Sterling,39.0062,-77.4286,80.89,76,1,3.0,US,clear sky,1626836807
572,Roald,62.5833,6.1333,49.33,76,20,2.3,NO,few clouds,1626836808
573,Buchanan,5.8808,-10.0467,76.08,81,100,6.06,LR,overcast clouds,1626836808
574,Grants Pass,42.439,-123.3284,83.71,48,1,5.01,US,clear sky,1626836640
575,Krasnosel'kup,65.7,82.4667,64.29,53,0,5.55,RU,clear sky,1626836808
576,Kysyl-Syr,63.8986,122.7617,68.83,73,81,2.28,RU,light rain,1626836809
577,Afşin,38.2477,36.914,69.31,39,0,1.66,TR,clear sky,1626836809
578,Cayenne,4.9333,-52.3333,81.09,84,0,1.99,GF,clear sky,1626836809
579,Arman',59.7,150.1667,63.3,71,71,8.03,RU,broken clouds,1626836810
580,Gramsh,40.8697,20.1844,69.06,81,0,4.41,AL,clear sky,1626836810
581,Hammerfest,70.6634,23.6821,45.05,87,75,18.41,NO,moderate rain,1626836810
582,Jiujiang,29.7333,115.9833,89.19,65,94,5.77,CN,overcast clouds,1626836811
583,Ouésso,1.6136,16.0517,75.78,71,100,1.36,CG,overcast clouds,1626836534
584,Aksu,41.1231,80.2644,79.11,38,100,6.4,CN,overcast clouds,1626836811
585,Basoko,1.2391,23.616,70.23,84,57,2.01,CD,broken clouds,1626836811
586,Plérin,48.5425,-2.7798,66.74,90,0,1.01,FR,clear sky,1626836812
587,Krasnoarmeysk,51.0239,45.6969,71.24,71,27,5.5,RU,scattered clouds,1626836812
588,Bandarbeyla,9.4942,50.8122,77.99,67,81,24.38,SO,broken clouds,1626836812
589,Yerbogachën,61.2767,108.0108,70.63,60,91,5.53,RU,overcast clouds,1626836813
590,Mwinilunga,-11.7358,24.4293,51.48,55,1,3.85,ZM,clear sky,1626836813
591,Lagos,6.5833,3.75,75.38,87,95,7.05,NG,overcast clouds,1626836648
592,Verāval,20.9,70.3667,83.46,82,97,23.91,IN,overcast clouds,1626836813
593,Valparaíso,-33.0393,-71.6273,53.47,85,20,3.44,CL,few clouds,1626836814
594,Mhango,-3.2833,32.85,62.92,54,10,6.49,TZ,clear sky,1626836814
595,Azul,-36.777,-59.8585,46.49,62,100,4.83,AR,overcast clouds,1626836814
596,Sucúa,-2.4667,-78.1667,65.37,97,100,2.13,EC,overcast clouds,1626836815
597,Mittagong,-34.45,150.45,52.0,40,36,9.53,AU,scattered clouds,1626836626
598,Medvezh'yegorsk,62.9167,34.4667,51.82,68,11,6.8,RU,few clouds,1626836815
599,Nuuk,64.1835,-51.7216,47.88,76,75,6.91,GL,broken clouds,1626836691
600,Saldanha,-33.0117,17.9442,54.09,60,86,12.46,ZA,overcast clouds,1626836816
601,Kushmurun,52.4503,64.6311,73.26,53,15,4.45,KZ,few clouds,1626836532
602,Coahuayana Viejo,18.7333,-103.6833,78.87,88,45,1.25,MX,scattered clouds,1626836816
603,Ban Nahin,18.2418,104.2122,75.81,98,100,2.64,LA,overcast clouds,1626836816
604,Mlonggo,-6.5333,110.7,87.1,53,47,0.56,ID,scattered clouds,1626836817
605,Eydhafushi,5.1033,73.0708,83.12,74,100,13.04,MV,overcast clouds,1626836817
606,Negombo,7.2083,79.8358,84.25,74,20,6.91,LK,few clouds,1626836817
607,Chunoyar,57.4467,97.3217,70.03,65,100,0.49,RU,light rain,1626836818
608,Departamento de Maldonado,-34.6667,-54.9167,51.22,72,18,11.39,UY,few clouds,1626836818
609,Teodoro Sampaio,-22.5325,-52.1675,50.86,46,97,4.47,BR,overcast clouds,1626836818
610,Muravlenko,63.7898,74.523,68.99,66,96,15.21,RU,overcast clouds,1626836819
611,Orange,33.7,-117.7675,91.17,65,1,1.01,US,clear sky,1626836819
612,Bonavista,48.6499,-53.1147,59.88,99,100,14.94,CA,light rain,1626836819
613,Dunkirk,51.05,2.3667,62.76,85,1,6.96,FR,clear sky,1626836820
614,Gori,41.9842,44.1158,75.99,45,61,4.45,GE,broken clouds,1626836820
615,Qingdao,36.0986,120.3719,81.75,73,93,8.7,CN,overcast clouds,1626836602
616,Uralets,57.6614,59.6497,65.28,91,100,8.48,RU,overcast clouds,1626836820
617,Siderno,38.2779,16.302,77.0,77,0,9.46,IT,clear sky,1626836821
618,Grindavik,63.8424,-22.4338,51.57,100,90,16.11,IS,light intensity drizzle,1626836821
619,Kobeřice,49.9855,18.0521,57.0,94,77,2.95,CZ,broken clouds,1626836821
620,‘Āhuimanu,21.4447,-157.8378,83.91,66,75,16.11,US,light rain,1626836822
621,Uchiza,-8.4592,-76.4633,68.61,96,82,1.39,PE,broken clouds,1626836822
622,Daru,-9.0763,143.2092,79.72,77,87,13.04,PG,overcast clouds,1626836822
623,Leningradskiy,69.3833,178.4167,38.1,71,26,9.04,RU,scattered clouds,1626836823
624,La Rioja,42.25,-2.5,58.78,76,17,2.66,ES,few clouds,1626836823
625,Dicabisagan,17.0818,122.4157,86.11,65,99,1.12,PH,overcast clouds,1626836823
626,Honningsvåg,70.9821,25.9704,44.13,92,100,31.27,NO,light rain,1626836631
627,Kieta,-6.2167,155.6333,82.36,79,100,8.16,PG,light rain,1626836824
628,Ewo,-0.8725,14.8206,76.73,48,42,4.63,CG,scattered clouds,1626836824
629,Kalanguy,51.0167,116.5167,65.08,92,100,5.1,RU,light rain,1626836824
630,Phonhong,18.5007,102.4166,82.22,91,100,3.04,LA,overcast clouds,1626836825
631,Goderich,43.7501,-81.7165,66.9,77,6,10.36,CA,clear sky,1626836388
632,Lata,40.1629,-8.3327,63.05,89,93,4.12,PT,overcast clouds,1626836825
633,Gladstone,-23.85,151.25,68.79,26,2,14.97,AU,light rain,1626836825
634,Nouakchott,18.0858,-15.9785,78.73,87,87,12.86,MR,overcast clouds,1626836826
635,Tommot,58.9564,126.2925,66.92,93,93,11.14,RU,light rain,1626836826
636,Nizwá,22.9333,57.5333,85.55,58,77,4.07,OM,broken clouds,1626836826
637,Belaya Gora,68.5333,146.4167,64.47,56,87,7.52,RU,overcast clouds,1626836827
638,Kedrovyy,56.1667,91.8167,66.61,51,34,5.68,RU,scattered clouds,1626836827
639,Tabou,4.423,-7.3528,75.4,74,24,7.02,CI,few clouds,1626836827
640,Marquette,46.5333,-87.6335,54.77,68,97,4.0,US,overcast clouds,1626836828
641,Zhigansk,66.7697,123.3711,64.78,51,97,15.66,RU,overcast clouds,1626836828
642,Sobolevo,54.4299,31.8996,57.06,70,100,5.77,RU,overcast clouds,1626836828
643,Ascension,30.2169,-90.9001,80.01,96,75,0.0,US,broken clouds,1626836828
644,Berezovyy,51.6667,135.7,93.33,40,26,7.23,RU,scattered clouds,1626836829
645,Purpe,64.4803,76.6897,67.14,55,55,13.96,RU,broken clouds,1626836829
646,Blackwater,-23.5833,148.8833,66.02,32,1,14.27,AU,clear sky,1626836830
647,Mandalī,33.7499,45.5541,99.41,14,0,8.81,IQ,clear sky,1626836830
648,Ozernovskiy,51.5,156.5167,53.24,94,97,7.56,RU,overcast clouds,1626836830
649,Sur,22.5667,59.5289,90.77,57,69,11.97,OM,broken clouds,1626836830
650,Atambua,-9.1061,124.8925,83.5,50,53,3.78,ID,broken clouds,1626836831
651,Jiwani,25.05,61.7417,84.42,87,36,6.11,PK,scattered clouds,1626836831
652,Nouadhibou,20.931,-17.0347,68.61,86,10,12.21,MR,clear sky,1626836831
653,Shakawe,-18.3667,21.85,48.18,40,0,4.25,BW,clear sky,1626836535
654,Ponsacco,43.6238,10.6291,75.78,82,0,4.0,IT,clear sky,1626836832
655,Port Lincoln,-34.7333,135.8667,54.07,57,100,9.71,AU,overcast clouds,1626836832
656,Okhotsk,59.3833,143.3,61.61,79,72,9.98,RU,broken clouds,1626836832
657,Belle Fourche,44.6714,-103.8522,88.05,30,65,13.22,US,broken clouds,1626836833
658,Bac Lieu,9.285,105.7244,85.89,70,100,12.8,VN,overcast clouds,1626836793
659,Yakeshi,49.2833,120.7333,82.08,63,40,3.13,CN,scattered clouds,1626836833
660,Kurumkan,54.3,110.3,71.85,62,100,3.13,RU,overcast clouds,1626836834
661,Scarborough,54.2797,-0.4044,62.83,90,0,1.99,GB,clear sky,1626836834
662,Kushnarenkovo,55.105,55.3508,70.18,88,96,7.58,RU,overcast clouds,1626836834
663,Andover,51.2083,-1.4825,66.33,78,0,3.0,GB,clear sky,1626836834
664,Itarantim,-15.6597,-40.0656,65.28,82,100,6.06,BR,overcast clouds,1626836835
665,Mendi,-6.1761,143.6513,64.72,81,99,4.09,PG,overcast clouds,1626836835
666,Formosa do Rio Preto,-11.0483,-45.1931,69.42,37,5,3.87,BR,clear sky,1626836835
667,Acaraú,-2.8856,-40.12,77.7,82,56,13.09,BR,broken clouds,1626836836
668,Huangnihe,43.5583,128.0239,82.29,68,37,2.04,CN,scattered clouds,1626836836
669,Camacha,33.0833,-16.3333,66.96,88,40,8.05,PT,scattered clouds,1626836673
670,Tolaga Bay,-38.3667,178.3,57.58,74,87,8.16,NZ,overcast clouds,1626836836
671,Jalu,29.0331,21.5482,75.22,69,0,8.88,LY,clear sky,1626836393
672,Abancay,-13.6339,-72.8814,51.93,93,10,2.44,PE,clear sky,1626836837
673,Anadyr,64.75,177.4833,55.9,62,75,6.71,RU,broken clouds,1626836837
674,Broken Hill,-31.95,141.4333,50.72,43,67,8.28,AU,broken clouds,1626836838
675,Khovd,48.0056,91.6419,73.33,32,0,3.06,MN,clear sky,1626836838
676,Ipueiras,-7.0333,-40.45,70.75,71,5,10.54,BR,clear sky,1626836817
677,Korla,41.7597,86.1469,83.28,32,100,5.17,CN,overcast clouds,1626836838
678,Kirovsk,48.6375,38.6428,74.52,69,50,1.01,UA,scattered clouds,1626836839
679,Ardakān,32.31,54.0175,82.78,11,0,1.12,IR,clear sky,1626836839
680,Tūkrah,32.5341,20.5791,76.87,75,13,6.4,LY,few clouds,1626836839
681,Jinchang,38.4953,102.1739,80.33,35,13,14.0,CN,few clouds,1626836839
682,Gelibolu,40.4103,26.6708,69.66,77,0,3.22,TR,clear sky,1626836840
683,Havøysund,70.9963,24.6622,45.48,94,100,30.49,NO,light rain,1626836840
684,Severo-Yeniseyskiy,60.3725,93.0408,65.37,49,99,5.86,RU,overcast clouds,1626836841
685,Sioux Lookout,50.1001,-91.917,60.44,46,100,2.37,CA,overcast clouds,1626836841
686,Fuzhou,26.0614,119.3061,91.54,47,15,9.46,CN,few clouds,1626836841
687,Tikrit,34.6071,43.6782,93.43,21,0,14.99,IQ,clear sky,1626836842
688,Severomuysk,56.1481,113.4267,60.8,55,100,3.58,RU,overcast clouds,1626836842
689,Province of Trapani,37.8333,12.6667,75.38,80,0,5.23,IT,clear sky,1626836842
690,Singaparna,-7.3515,108.111,80.22,73,52,4.41,ID,broken clouds,1626836842
691,Honiara,-9.4333,159.95,82.78,81,93,7.02,SB,overcast clouds,1626836843
692,Mitú,1.1983,-70.1733,70.5,98,93,2.04,CO,overcast clouds,1626836843
693,Neyshabur,36.2133,58.7958,81.99,18,1,5.06,IR,clear sky,1626836843
694,Mabay,6.0577,124.4666,86.61,61,28,5.1,PH,scattered clouds,1626836844
695,Pochutla,15.7432,-96.4661,81.82,88,100,3.8,MX,overcast clouds,1626836844
696,Porkhov,57.765,29.5561,57.09,91,23,6.64,RU,few clouds,1626836844
697,Dārāb,28.7519,54.5444,86.76,20,42,6.93,IR,scattered clouds,1626836845
698,Makkah al Mukarramah,21.4267,39.8261,80.89,80,15,9.8,SA,few clouds,1626836845
699,Pilar,-9.5972,-35.9567,69.73,92,16,3.78,BR,few clouds,1626836845
700,Linhares,-19.3911,-40.0722,61.32,77,6,4.0,BR,clear sky,1626836846
701,Yinchuan,38.4681,106.2731,82.35,44,87,5.44,CN,overcast clouds,1626836846
702,Liverpool,53.4106,-2.9779,64.62,83,0,2.3,GB,fog,1626836846
703,Rundu,-17.9333,19.7667,48.34,40,0,5.95,NA,clear sky,1626836847
704,Bahía Honda,22.9036,-83.1592,80.15,84,100,1.72,CU,overcast clouds,1626836847
705,Kenora,49.8167,-94.4337,64.78,77,100,5.01,CA,overcast clouds,1626836836
706,Mercedes,-34.6515,-59.4307,48.85,59,12,7.78,AR,few clouds,1626836847
707,Gadung,6.8025,124.02,83.32,71,77,6.15,PH,broken clouds,1626836848
708,Meulaboh,4.1363,96.1285,81.86,73,100,2.48,ID,overcast clouds,1626836848
709,Reconquista,-29.15,-59.65,45.81,66,0,6.8,AR,clear sky,1626836848
710,Melchor de Mencos,17.0686,-89.1522,73.4,100,75,0.0,GT,broken clouds,1626836849
711,Gamboula,4.1178,15.1393,68.79,95,98,2.08,CF,overcast clouds,1626836849
712,Charters Towers,-20.1,146.2667,71.53,23,39,13.47,AU,scattered clouds,1626836849
713,Vanavara,60.34,102.2797,71.04,49,20,3.06,RU,few clouds,1626836849
714,Boyolangu,-8.1181,111.8935,82.33,69,66,8.77,ID,broken clouds,1626836850
715,Casa Nova,-9.4167,-41.1333,74.01,70,11,22.95,BR,few clouds,1626836850
716,Rongcheng,30.634,117.8517,91.38,56,72,5.44,CN,broken clouds,1626836740
717,Horconcitos,8.4682,-81.8007,69.17,91,48,5.55,PA,scattered clouds,1626836851
718,Talaya,61.3833,152.75,81.64,36,58,2.17,RU,broken clouds,1626836851
719,Lakes Entrance,-37.8811,147.981,56.17,57,31,12.12,AU,scattered clouds,1626836851
720,Paraná,-31.732,-60.5238,49.57,65,0,8.68,AR,clear sky,1626836851
721,Shubarshi,48.5872,57.1869,83.19,28,15,12.91,KZ,few clouds,1626836852
722,Vardø,70.3705,31.1107,44.8,91,100,15.08,NO,overcast clouds,1626836402
723,Soe,-9.8607,124.284,79.7,42,42,10.67,ID,scattered clouds,1626836852
724,Médéa,36.2642,2.7539,59.45,28,0,3.4,DZ,clear sky,1626836853
725,Bereda,43.2686,-7.5406,61.0,99,8,0.87,ES,clear sky,1626836853
726,Richards Bay,-28.783,32.0377,59.22,27,0,5.7,ZA,clear sky,1626836853
